{
    "nll_val": [
        946.4101953125,
        915.1950013020834,
        866.7136666666667
    ],
    "bpd_val": [
        1.7415577747756366,
        1.6841164411031686,
        1.5949024346564924
    ],
    "test_val": 865.7884508789062,
    "test_bpd": 1.5931998782422652,
    "aug_test_bpd": 1.7345497601935909,
    "aug_test_val": 942.6018482421875,
    "KID": "N/A"
}