{"epoch": 0, "train_loss": 96.50846099853516, "val_loss": 1.5238409347534179, "_timestamp": 1719091312.530211, "_runtime": 73.25397205352783, "_step": 1, "test_loss": 1.5055052925109864, "_wandb": {"runtime": 72}}