{"test_bpd": 1.7482650049376698, "_timestamp": 1719845236.680044, "_runtime": 282.4336760044098, "_step": 0, "_wandb": {"runtime": 281}}