{"test_bpd": 1.5466101545366937, "_timestamp": 1719759441.4894998, "_runtime": 375.59225583076477, "_step": 0, "_wandb": {"runtime": 375}}