{"test_bpd": 5.895686550788579, "_timestamp": 1719760241.5391319, "_runtime": 395.6035227775574, "_step": 0, "_wandb": {"runtime": 395}}