{"test_bpd": 1.8983802460188217, "_timestamp": 1719785431.9633338, "_runtime": 380.5771279335022, "_step": 0, "_wandb": {"runtime": 380}}