{"epoch": 2, "train_loss": 859.733642578125, "val_loss": 874.7538151041666, "bpd_val": 1.6096976926651563, "_timestamp": 1719861605.352095, "_runtime": 217.83619499206543, "_step": 2}