{"epoch": 0, "train_loss": 478.0517578125, "val_loss": 4.603689666748047, "_timestamp": 1719156990.527474, "_runtime": 52.402267932891846, "_step": 1, "test_loss": 4.637733697509765, "_wandb": {"runtime": 51}}