{"test_bpd": 6.977641748425968, "_timestamp": 1719843997.938247, "_runtime": 306.21810698509216, "_step": 0, "_wandb": {"runtime": 305}}