{"epoch": 0, "train_loss": 319.82501220703125, "val_loss": 1.0572994028727214, "_timestamp": 1719157185.573981, "_runtime": 124.54750204086304, "_step": 1, "test_loss": 1.0306237930297852, "_wandb": {"runtime": 124}}