{"test_bpd": 1.7440611055641877, "_timestamp": 1719844315.900348, "_runtime": 301.7123808860779, "_step": 0, "_wandb": {"runtime": 301}}