{"test_bpd": 1.6865205245497663, "_timestamp": 1719818544.1403599, "_runtime": 31767.191329956055, "_step": 0, "_wandb": {"runtime": 31766}}