{"test_bpd": 6.972581550775217, "_timestamp": 1719786767.037726, "_runtime": 304.35416197776794, "_step": 0, "_wandb": {"runtime": 303}}