{"test_bpd": 1.5708610826420697, "_timestamp": 1719785043.504182, "_runtime": 376.0470290184021, "_step": 0, "_wandb": {"runtime": 375}}