{"epoch": 0, "train_loss": 216.70138549804688, "val_loss": 3.6436473172505695, "_timestamp": 1719157046.1601121, "_runtime": 46.14962315559387, "_step": 1, "test_loss": 3.6130837928771973, "_wandb": {"runtime": 45}}