{"epoch": 35, "train_loss": 77.56515502929688, "val_loss": 1.3508469797770182, "_timestamp": 1719333757.894541, "_runtime": 5887.068032026291, "_step": 36, "test_loss": 86.53546245117188, "_wandb": {"runtime": 5887}}