{"test_bpd": 2.175953614590032, "_timestamp": 1719838784.8286238, "_runtime": 12581.97148680687, "_step": 0, "_wandb": {"runtime": 12581}}