{"test_bpd": 2.174593169498002, "_timestamp": 1719843681.4865038, "_runtime": 284.63499093055725, "_step": 0, "_wandb": {"runtime": 283}}