{"test_bpd": 3.4310913750777194, "_timestamp": 1719844633.873537, "_runtime": 307.3439209461212, "_step": 0, "_wandb": {"runtime": 306}}