{"epoch": 54, "train_loss": 171.4950714111328, "val_loss": 0.6591736361185709, "_timestamp": 1719164576.462274, "_runtime": 6077.57807803154, "_step": 55, "test_loss": 0.6470682426452636, "_wandb": {"runtime": 6077}}