{"epoch": 0, "train_loss": 98.94136810302734, "val_loss": 1.5116992874145507, "_timestamp": 1719091121.1451771, "_runtime": 73.45029020309448, "_step": 1, "test_loss": 1.5059371452331543, "_wandb": {"runtime": 186}}