{"test_bpd": 1.889534454289933, "_timestamp": 1719761039.627275, "_runtime": 393.57548904418945, "_step": 0, "_wandb": {"runtime": 392}}