{
    "nll_val": [
        1010.0416171875,
        964.5947903645833,
        919.66892578125
    ],
    "bpd_val": [
        1.8586505512855551,
        1.7750205618958084,
        1.6923492327605734
    ],
    "test_val": 919.8577719726562,
    "test_bpd": 1.692696742280768,
    "aug_test_bpd": 1.6923354668704793,
    "aug_test_val": 919.6614450195312,
    "KID": "N/A"
}