{"test_bpd": 6.974980152041998, "_timestamp": 1719843086.2137752, "_runtime": 290.9375972747803, "_step": 0, "_wandb": {"runtime": 287}}