{"test_bpd": 2.170611064072646, "_timestamp": 1719786454.986506, "_runtime": 307.59358286857605, "_step": 0, "_wandb": {"runtime": 307}}