{"test_bpd": 5.907168294735436, "_timestamp": 1719785829.866443, "_runtime": 387.59496092796326, "_step": 0, "_wandb": {"runtime": 386}}