{"epoch": 2, "train_loss": 89.0646743774414, "val_loss": 1.4259497718811036, "_timestamp": 1719090156.931448, "_runtime": 203.2856330871582, "_step": 3, "test_loss": 1.4137091011047362, "_wandb": {"runtime": 204}}