{"epoch": 0, "train_loss": 495.46337890625, "val_loss": 3.4369427286783854, "_timestamp": 1719156872.842606, "_runtime": 187.8755760192871, "_step": 1, "test_loss": 3.4465126251220704, "_wandb": {"runtime": 187}}