{
    "nll_val": [
        1.5150311393737792
    ],
    "bpd_val": [
        0.0027879182545496265
    ],
    "test_val": 1.5023006881713867,
    "test_bpd": 0.002764492031567521,
    "aug_test_bpd": 3.607797592112741,
    "aug_test_val": 2.500734729003906,
    "KID": "N/A"
}