{"test_bpd": 1.8838176781500773, "_timestamp": 1719759837.494678, "_runtime": 386.5920150279999, "_step": 0, "_wandb": {"runtime": 385}}