{"test_bpd": 5.901863837939994, "_timestamp": 1719778668.7127318, "_runtime": 17591.563512802124, "_step": 0, "_wandb": {"runtime": 17590}}