{"epoch": 0, "train_loss": 207.107666015625, "val_loss": 2.2184019711812337, "_timestamp": 1719156929.6202781, "_runtime": 48.21521520614624, "_step": 1, "test_loss": 2.193197046661377, "_wandb": {"runtime": 47}}