{"epoch": 0, "train_loss": 899.9945068359375, "val_loss": 844.4545748697917, "bpd_val": 1.5539418717100082, "_timestamp": 1719862454.141036, "_runtime": 373.5131571292877, "_step": 1, "test_bpd": 841.084676953125, "_wandb": {"runtime": 373}}