{"test_bpd": 1.6973811805326697, "_timestamp": 1719843387.1109471, "_runtime": 293.2576072216034, "_step": 0, "_wandb": {"runtime": 292}}