{"test_bpd": 1.684484783325975, "_timestamp": 1719786140.1552699, "_runtime": 302.08981680870056, "_step": 0, "_wandb": {"runtime": 301}}