{"test_bpd": 7.509663631820312, "_timestamp": 1719844944.2523258, "_runtime": 301.34990072250366, "_step": 0, "_wandb": {"runtime": 300}}