{"test_bpd": 1.5498265479373825, "_timestamp": 1719760638.8294559, "_runtime": 390.2425858974457, "_step": 0, "_wandb": {"runtime": 389}}